# Clean URL redirects for Render static hosting
# Generated: 2026-01-23T16:38:21.847Z
# NOTE: Render uses render.yaml for routing, not _redirects (that is Netlify)
# This file is kept for reference only

/services  /services.html  200!
/about  /about.html  200!
/privacy  /privacy.html  200!
/accessibility  /accessibility.html  200!
/terms  /terms.html  200!
/contact-us  /contact-us.html  200!
/mashkanta-bepijama-podcast  /mashkanta-bepijama-podcast.html  200!
/articles  /articles.html  200!
/articles/mortgage-process  /articles/mortgage-process.html  200!
/articles/refinancing  /articles/refinancing.html  200!
/articles/loan-consolidation  /articles/loan-consolidation.html  200!
/articles/mechir-lamishtaken  /articles/mechir-lamishtaken.html  200!
/articles/common-mortgage-mistakes  /articles/common-mortgage-mistakes.html  200!
/articles/mortgage-tracks  /articles/mortgage-tracks.html  200!
/articles/housing-improvers  /articles/housing-improvers.html  200!
/articles/investment-mortgage  /articles/investment-mortgage.html  200!
/articles/first-apartment-mortgage  /articles/first-apartment-mortgage.html  200!
/articles/mortgage-insurance  /articles/mortgage-insurance.html  200!
/articles/self-construction-mortgage  /articles/self-construction-mortgage.html  200!
/articles/mortgage-ancillary-costs  /articles/mortgage-ancillary-costs.html  200!
/articles/reverse-mortgage  /articles/reverse-mortgage.html  200!
/articles/self-employed-mortgage  /articles/self-employed-mortgage.html  200!
/articles/mortgage-porting  /articles/mortgage-porting.html  200!
/articles/private-consulting-benefits  /articles/private-consulting-benefits.html  200!
/blog  /blog.html  200!
/blog/beginners-guide  /blog/beginners-guide.html  200!
/blog/first-apartment  /blog/first-apartment.html  200!
/blog/recycling  /blog/recycling.html  200!
/articles/mortgage-pre-approval  /articles/mortgage-pre-approval.html  200!
/articles/construction-input-index  /articles/construction-input-index.html  200!
/articles/mortgage-equity  /articles/mortgage-equity.html  200!
/articles/smart-mortgage-mix  /articles/smart-mortgage-mix.html  200!
/articles/amortization-schedules  /articles/amortization-schedules.html  200!
/articles/boi-regulations  /articles/boi-regulations.html  200!
/articles/repayment-ratio  /articles/repayment-ratio.html  200!

# Language slug rewrites for SEO
/en  /en/index.html  200!
/en/services  /en/services.html  200!
/en/about  /en/about.html  200!
/en/privacy  /en/privacy.html  200!
/en/accessibility  /en/accessibility.html  200!
/en/terms  /en/terms.html  200!
/en/contact-us  /en/contact-us.html  200!
/en/mashkanta-bepijama-podcast  /en/mashkanta-bepijama-podcast.html  200!
/en/articles  /en/articles.html  200!
/en/blog  /en/blog.html  200!
/en  /en/index.html  200!
/es  /es/index.html  200!
/es/services  /es/services.html  200!
/es/about  /es/about.html  200!
/es/privacy  /es/privacy.html  200!
/es/accessibility  /es/accessibility.html  200!
/es/terms  /es/terms.html  200!
/es/contact-us  /es/contact-us.html  200!
/es/mashkanta-bepijama-podcast  /es/mashkanta-bepijama-podcast.html  200!
/es/articles  /es/articles.html  200!
/es/blog  /es/blog.html  200!
/es  /es/index.html  200!
/ru  /ru/index.html  200!
/ru/services  /ru/services.html  200!
/ru/about  /ru/about.html  200!
/ru/privacy  /ru/privacy.html  200!
/ru/accessibility  /ru/accessibility.html  200!
/ru/terms  /ru/terms.html  200!
/ru/contact-us  /ru/contact-us.html  200!
/ru/mashkanta-bepijama-podcast  /ru/mashkanta-bepijama-podcast.html  200!
/ru/articles  /ru/articles.html  200!
/ru/blog  /ru/blog.html  200!
/ru  /ru/index.html  200!

# Legal pages - redirect old .html URLs to friendly URLs
/privacy.html  /privacy  301
/accessibility.html  /accessibility  301
/terms.html  /terms  301

/  /index.html  200!

# SPA fallback - serve index.html for all unmatched routes
/*  /index.html  200
